,index,FrameNo,x1,y1,x2,y2,trackNo,detection,x,y,x_trans,y_trans
0,0.0,6.0,3597.8876953569643,1226.737060583818,3609.181640580536,1236.120605431807,1.0,1.0,690.6774780273438,419.59797272858793,28.06043445875045,6.714595059314396
1,1.0,7.0,3603.744507617172,1228.4289484163364,3616.4155452570135,1239.086449611446,1.0,1.0,691.9320050671095,420.39151225658514,28.12832412166728,6.72772870621687
2,2.0,8.0,3606.576102392335,1229.55235386484,3618.3117546225,1239.7128004406654,1.0,1.0,692.3850862972552,420.68961888167865,28.146983009059948,6.730260721337995
3,4.0,9.0,3609.259168376197,1231.1428000390154,3620.598985638962,1241.0453083176642,1.0,1.0,692.8614064264527,421.1876036459528,28.17478321786429,6.736130140824983
4,6.0,10.0,3612.1699124863767,1232.415936866954,3623.497927476163,1242.3081387973466,1.0,1.0,693.4181679964101,421.6196573353993,28.203431620854364,6.745558651454058
5,8.0,12.0,3615.0806627511647,1233.6890790694115,3626.396863158756,1243.57096390251,1.0,1.0,693.9749295663675,422.0517110248459,28.27276170164821,6.762277751597998
6,10.0,14.0,3601.437114265391,1236.2040359887424,3612.7611121630903,1245.7914424244818,1.0,1.0,691.3606633660629,422.85848891484557,28.107525053049592,6.772451895503907
7,12.0,15.0,3596.882060142408,1236.4362419754686,3608.14445555548,1245.9816679819055,1.0,1.0,690.481707754381,422.93045873347853,28.076007786422664,6.782359940102472
8,14.0,16.0,3591.069006137928,1237.2310327168598,3602.369501982511,1246.8573450422314,1.0,1.0,689.3711903615422,423.21505695154883,28.064543491660487,6.782134435878816
9,16.0,17.0,3583.8714184475834,1237.8147169987324,3595.280502029386,1247.4675557986095,1.0,1.0,688.0020590457096,423.41846129139896,27.906299778928915,6.529511792979451
10,17.0,18.0,3575.486057600902,1237.9328749112922,3586.875438009805,1247.4995379118334,1.0,1.0,686.3929766626927,423.44404070319916,27.8738277593751,6.787606169358438
11,18.0,19.0,3566.707437350781,1237.9312513919945,3578.332808669061,1247.8085078333902,1.0,1.0,684.7330235769016,423.49640342358407,27.598063464500303,6.526040758094053
12,19.0,20.0,3562.4397166783965,1239.1454867304783,3573.901261311905,1249.171941373179,1.0,1.0,683.8993437240706,423.9355618250675,27.746682894646614,6.7991110859324655
13,20.0,21.0,3569.0886095111346,1240.1404866693292,3580.8102077832477,1250.4824378182916,1.0,1.0,685.1986366573784,424.32835009789096,27.816298277392878,6.8093014267821275
14,21.0,22.0,3574.4368962686435,1241.9447002688576,3586.0019761716426,1252.212823093207,1.0,1.0,686.2087252755275,424.93054101724056,27.727051551385113,6.5661249055061806
15,22.0,23.0,3579.0451359799536,1243.4482205394904,3590.394085137997,1253.4705141491174,1.0,1.0,687.0712586904704,425.4009696136147,27.954654130054397,6.832959719168343
16,23.0,24.0,3582.7049401785644,1244.64880897146,3593.9808864181405,1254.5452419481614,1.0,1.0,687.765725048851,425.7886160826022,27.92711391812267,6.841984411996393
17,24.0,25.0,3584.4582770509087,1245.6615737322547,3595.69505123353,1255.3370863136222,1.0,1.0,688.0980272939255,426.0960680078161,27.93223194645142,6.849887567224215
18,25.0,26.0,3585.1146478895303,1246.940737671706,3596.4101696415714,1256.45271568439,1.0,1.0,688.229461680064,426.5040698310386,27.999667914091688,6.85729583983601
19,26.0,27.0,3584.4306942557896,1248.1595353670507,3595.6996994313185,1257.368856444744,1.0,1.0,688.0958293950146,426.86780008645394,27.909412314366417,6.86992972957291
20,27.0,28.0,3582.782448570552,1249.1740962936174,3593.9196559895904,1258.3503060586572,1.0,1.0,687.767285020347,427.2078611414986,27.93673378384751,6.872883232596202
21,28.0,29.0,3579.9099128295197,1250.451592798891,3590.830877058788,1259.5639915128963,1.0,1.0,687.1959923642962,427.6322847346008,27.89656143360214,6.894034214580693
22,29.0,30.0,3575.908374314377,1251.6026324764605,3586.6376788164284,1260.830647921942,1.0,1.0,686.4106634250355,428.04418851232043,27.846093568233645,6.901625805903359
23,31.0,31.0,3571.108572592997,1251.888227732374,3581.913388781227,1261.1421003257208,1.0,1.0,685.4979379650298,428.14590774323096,27.828752457608076,6.901470412191498
24,33.0,32.0,3564.579752641285,1252.6619296151728,3575.565429028595,1261.956290925493,1.0,1.0,684.2639132433635,428.4164375735949,27.734608312847985,6.91030331760366
25,35.0,33.0,3560.042109805625,1253.172846774425,3571.0565974999654,1262.5075456675524,1.0,1.0,683.3969594501191,428.5974001938184,27.688275266138742,6.910452440558536
26,37.0,34.0,3565.5470400910654,1254.1009912123932,3576.691941926604,1263.4094140164093,1.0,1.0,684.4645691100267,428.90918015009225,27.69943509961893,6.914343925517441
27,38.0,35.0,3570.055099231284,1255.376142020453,3581.3089503577667,1264.674230940596,1.0,1.0,685.339054752284,429.34191539336393,27.798088757689964,6.933597419818028
28,39.0,36.0,3572.7895363308567,1256.441743092209,3583.96716320112,1265.8226604610113,1.0,1.0,685.8558503718144,429.71912060536346,27.827561227295945,6.936116714706747
29,40.0,37.0,3574.8662279388477,1257.6690920896774,3585.9504533283243,1266.9887270805168,1.0,1.0,686.2449319547707,430.12688771047755,27.843624266563967,6.943603366992306
30,41.0,38.0,3574.9272514338195,1258.59941376528,3586.074166434843,1267.9103918328026,1.0,1.0,686.2626358790802,430.44241132411776,27.817692863334376,6.95351966970091
31,42.0,39.0,3574.0199653648483,1259.776375779158,3585.0082953699025,1269.137254057229,1.0,1.0,686.073541653747,430.8519517499029,27.820564007412962,6.962342129066652
32,43.0,40.0,3571.6450725428954,1260.5135380499848,3582.7242710129462,1270.0692363339388,1.0,1.0,685.6270620907682,431.13632452466845,27.810382904782706,6.967728374485183
33,44.0,41.0,3568.5144020349526,1261.3999265925434,3579.5291426663325,1271.0774979328835,1.0,1.0,685.0208397005399,431.4591167709986,27.732793918519178,6.969097277884287
34,45.0,42.0,3563.842954179724,1262.0945273423354,3574.9019276740046,1271.936053824465,1.0,1.0,684.1297178443157,431.7237286432327,27.685068244702148,6.963884632161731
35,46.0,43.0,3558.3747871979085,1262.8696867798765,3569.2841217873065,1272.719905758169,1.0,1.0,683.0673121110832,431.9893379879633,27.545517556419874,6.774393879619106
36,47.0,44.0,3562.112155184595,1264.3470443402211,3573.0337825451475,1274.1513814707969,1.0,1.0,683.7848190324337,432.4849169900253,27.54615396055836,6.784011232320253
37,48.0,45.0,3565.834695485976,1265.3877905569873,3576.8823693418844,1275.412067101949,1.0,1.0,684.5103853793366,432.8770127863373,27.59021373340757,6.78884086251859
38,49.0,46.0,3567.624522050616,1266.6756361610144,3578.924768827376,1276.519662818226,1.0,1.0,684.8776403758077,433.28512501127796,27.607161839040174,6.797242973247275
39,50.0,47.0,3568.465863615779,1267.6780248542009,3579.822638277299,1277.508866256298,1.0,1.0,685.0443147647534,433.6244333003072,27.61173543326003,6.805469267361897
40,51.0,48.0,3568.2958875992176,1268.899338521506,3579.6357878870235,1278.6663152647486,1.0,1.0,685.0101189007648,434.0297039783989,27.649010901798285,6.8014996722303245
41,52.0,49.0,3566.5899366679014,1269.8628181827637,3577.900959005943,1279.4343126712172,1.0,1.0,684.6803775020768,434.32469636771526,27.60301299006611,6.812766816000207
42,53.0,50.0,3564.010010172972,1270.8841013648198,3575.185043392182,1280.363531025012,1.0,1.0,684.172859299994,434.65700403678613,27.59165758848926,6.824401312740565
43,54.0,51.0,3559.813986931465,1271.7961577453973,3570.8280795588157,1281.2822805099347,1.0,1.0,683.353198038652,434.9689191101677,27.658507182714743,7.034132886545679
44,55.0,52.0,3561.853162465662,1272.7216358501394,3573.106791306684,1282.6530875870324,1.0,1.0,683.7669955698499,435.3601380670737,27.688033489425095,7.040429880677242
45,56.0,53.0,3563.418359390144,1273.6607295320923,3574.6092399436343,1283.6542471574594,1.0,1.0,684.0609782694871,435.690699732294,27.622900423666284,6.849905324949803
46,58.0,54.0,3564.175163406016,1274.7985221519791,3575.3302433852195,1284.8453935832306,1.0,1.0,684.20260148416,436.08748194007273,27.55245217721524,6.848653019657606
47,60.0,55.0,3563.9697203058986,1275.5651077292428,3575.120677689557,1285.5889034241318,1.0,1.0,684.1628298078979,436.3447574557601,27.56048240935978,6.849671648893121
48,62.0,56.0,3562.4393857895016,1276.3774239489187,3573.6322010766867,1286.3301214897697,1.0,1.0,683.8735270746764,436.6094336673321,27.546613753509856,6.865260922187001
49,64.0,57.0,3559.8468801622457,1276.9702523217586,3571.090890993893,1287.1284736721502,1.0,1.0,683.3815364024634,436.84644961377705,27.538416043951987,6.862891355578736
50,66.0,58.0,3559.553552414065,1277.866760998838,3570.890847522266,1288.030682843085,1.0,1.0,683.3342549938984,437.152897839735,27.552204189458973,6.876359879317287
51,68.0,59.0,3560.953845584763,1278.9677331331063,3572.317352596219,1289.045989680613,1.0,1.0,683.6051564923441,437.51344907196693,27.533789544116846,6.890327666758819
52,70.0,60.0,3561.029405286032,1279.9408993521536,3572.4759264513286,1290.0462755600677,1.0,1.0,683.6275942914971,437.8496668368969,27.52107052288487,6.894388824173209
53,72.0,61.0,3560.3307509156643,1280.956576793098,3571.75443112701,1291.104378692754,1.0,1.0,683.491496612423,438.2029776012933,27.514411138190376,6.903640016950766
54,74.0,62.0,3558.438647031165,1281.800546883593,3569.8851660645955,1292.0464345190917,1.0,1.0,683.1310320883438,438.5072634982352,27.496708764806044,6.911547709819971
55,76.0,63.0,3558.008480831269,1282.9961345042968,3569.5727530774425,1293.4109528148583,1.0,1.0,683.059868249585,438.94342969141155,27.5234769506403,6.908981454947043
56,78.0,64.0,3558.231530028857,1284.6986132741936,3570.113043985182,1295.322130753143,1.0,1.0,683.1330216763454,439.5590897231759,27.549919195522683,6.926756408510596
57,80.0,65.0,3557.7583340186707,1286.1275356233034,3569.7470692759,1296.8770513206662,1.0,1.0,683.052601149063,440.0674481460096,27.531959408271813,6.926564652388586
58,82.0,66.0,3556.941132859008,1287.1356720169083,3568.906564620253,1297.9729186189377,1.0,1.0,682.8937376750958,440.4259080342552,27.534180139887184,6.92321090674663
59,85.0,67.0,3558.201118082065,1288.3205997585942,3569.892448961842,1299.2878155532208,1.0,1.0,683.1089668417078,440.85180409016107,27.538291202428876,6.932346085689565
60,88.0,68.0,3557.9677069605805,1289.713602007739,3569.4407670634337,1300.6205258598363,1.0,1.0,683.0433120939681,441.31618474780913,27.577161146275312,6.949265219811008
61,91.0,69.0,3558.502562933664,1291.0687585854096,3569.8792152928245,1302.006346100182,1.0,1.0,683.1365870800386,441.7831659834712,27.549483667658578,6.962982488410546
62,93.0,70.0,3558.8148941097734,1292.437842577626,3570.2196713504845,1303.292137013539,1.0,1.0,683.1991458566081,442.23547800442066,27.548223056770638,6.978815495534843
63,95.0,71.0,3558.9954073539548,1293.8002557052994,3570.2238231153133,1304.49822467818,1.0,1.0,683.2168429199716,442.6730744357039,27.547100809384258,6.9864413544684805
64,98.0,72.0,3559.01661982596,1295.0290980957686,3570.1552373628497,1305.5400500527646,1.0,1.0,683.2123029805942,443.05992894382416,27.563708765588167,7.003063600665381
65,101.0,73.0,3559.1998724421205,1296.8787921757648,3570.1788674519107,1307.3671072085936,1.0,1.0,683.2321292398447,443.6863384136314,27.56345381475881,7.0123117238794865
66,104.0,74.0,3559.129150693077,1298.3122333110898,3570.086129273395,1308.7938973241924,1.0,1.0,683.2164643301203,444.1736370711962,27.57868575832146,7.019039676922046
67,107.0,75.0,3559.1358633788705,1298.8973340063858,3570.0090552354795,1309.4161841722248,1.0,1.0,683.2097213672085,444.37934013413366,27.599853112989177,7.016296355350577
68,109.0,76.0,3559.295614364991,1299.4156644537368,3570.300200541429,1310.0418722923594,1.0,1.0,683.2529322618653,444.57424700118673,27.582545456589408,7.022886223206924
69,111.0,77.0,3559.471659610396,1300.1895037308866,3570.5392482265006,1310.7911149763315,1.0,1.0,683.292712001036,444.83373503900754,27.608524198904416,7.0315668651102365
70,113.0,78.0,3559.615997761555,1300.8470147059504,3570.7811387148563,1311.356377172731,1.0,1.0,683.3297255789895,445.0420593571087,27.605218145039643,7.032142818372175
71,115.0,79.0,3559.8039744752778,1301.4447287276084,3570.9802416432285,1311.8939418090222,1.0,1.0,683.3668207113569,445.2354772025371,27.59339461310859,7.040043382208144
72,117.0,80.0,3559.888821094398,1301.90692635275,3571.1322990254203,1312.4363518758703,1.0,1.0,683.3895240114826,445.4066325870982,27.626189687822787,7.031712165393124
73,119.0,81.0,3560.153595609194,1302.252331623865,3571.521994415192,1312.9206826345078,1.0,1.0,683.4522440440037,445.54799502179685,27.629506003490572,7.038301346098624
74,121.0,82.0,3560.140943212048,1302.5581943623945,3571.6596076412966,1313.2689575240995,1.0,1.0,683.4642194567789,445.65944069177306,27.615098023262558,7.05047839672287
75,123.0,83.0,3560.128294020984,1303.3712962750656,3571.6279040131303,1314.0309672158423,1.0,1.0,683.4599689782693,445.9277930391917,27.6223367795792,7.041467124934351
76,125.0,84.0,3559.7525467648848,1303.924021183075,3571.254698154963,1314.7138007630613,1.0,1.0,683.3881943048189,446.1382955908232,27.60038579304788,7.041404169306623
77,127.0,85.0,3559.5916716974834,1304.348508886649,3570.979898208975,1315.049887388364,1.0,1.0,683.3464421160356,446.2678749209281,27.604379608007665,7.043116333244473
78,129.0,86.0,3559.5358868512,1304.5308264966466,3570.8971138606007,1315.1969450135916,1.0,1.0,683.3331625682142,446.32399070174426,27.61108875491217,7.044168625803864
79,131.0,87.0,3559.498029311173,1304.9255560118345,3570.8425591682726,1315.5177800535732,1.0,1.0,683.3243063959469,446.4459017000324,27.609394204914043,7.051763047826303
80,133.0,88.0,3559.5582125256306,1304.8965527420896,3570.8586946690466,1315.440887327176,1.0,1.0,683.3316202728233,446.4278601599489,27.63388883791682,7.048268181523689
81,135.0,89.0,3559.764216756636,1304.794960764932,3571.0425139233607,1315.287236024284,1.0,1.0,683.368978356833,446.3843742677924,27.611270942749254,7.045329176198725
82,137.0,90.0,3559.989324876898,1304.7297649624263,3571.2962804485846,1315.173564653675,1.0,1.0,683.4148705103588,446.3539006012617,27.613531615518315,7.044542430387003
83,139.0,91.0,3560.283463472109,1304.758049544504,3571.595825865021,1315.156024645879,1.0,1.0,683.4717652281416,446.35573115836155,27.600023152437462,7.051154676552421
84,141.0,92.0,3560.6481337609684,1304.9560439363242,3572.0012143263657,1315.4190157866783,1.0,1.0,683.5455625250362,446.4342694342894,27.62960916718041,7.050526395538661
85,143.0,93.0,3560.89932261396,1305.1188373739035,3572.274177310326,1315.7187995772683,1.0,1.0,683.5957937427441,446.5130788879774,27.615737205105752,7.054221820629272
0,57.0,53.0,2473.625976643429,1330.774658280616,2484.394531169071,1341.085693281884,4.0,1.0,475.14363199869797,455.2058376736111,17.291269443325483,7.313935058630211
1,59.0,54.0,2457.4970063176925,1334.5309302486828,2466.809870491713,1343.2460591952988,4.0,1.0,471.9127423609014,456.2138574608265,17.12925335081142,7.329011154105493
2,61.0,55.0,2446.58771859539,1336.4855568177531,2456.242046078531,1345.5241616239427,4.0,1.0,469.85451911458415,456.93498906784447,17.034131763997276,7.342518583609711
3,63.0,56.0,2435.258959516053,1338.0383094160477,2445.5707923422888,1347.623042685311,4.0,1.0,467.74618455309115,457.55711924689814,16.92787028853593,7.361421303497559
4,65.0,57.0,2423.771941614661,1339.3907322414352,2434.1900870433087,1349.077110367425,4.0,1.0,465.55469441305553,458.0352620741021,16.819841265101413,7.368599202589703
5,67.0,58.0,2412.2056507013704,1340.6518144179868,2422.4471213442885,1350.4502083118205,4.0,1.0,463.32089065437566,458.4840483169301,16.720255801913577,7.382328016585994
6,69.0,59.0,2409.07714462444,1343.1182307835406,2419.007204141153,1352.8701211601228,4.0,1.0,462.69141675670267,459.31653403484637,16.6886236944235,7.403189085830648
7,71.0,60.0,2407.2180727095943,1345.2994483500463,2417.060053258748,1355.0102754595912,4.0,1.0,462.32665373863284,460.05276776016046,16.66342373985396,7.42212487331487
8,73.0,61.0,2399.2129407168736,1347.235678962668,2409.0013732633665,1356.8936716459202,4.0,1.0,460.78720508977307,460.70351899257435,16.58805887572019,7.4387998994720315
0,97.0,71.0,2280.9916992410704,1355.6595459113792,2297.11132810268,1365.0059814323708,6.0,1.0,438.73487345377606,463.5207935474537,15.536328811947957,7.467772492513887
1,100.0,72.0,2228.238775929558,1350.8658094556265,2245.000102186385,1361.2543175761955,6.0,1.0,428.6853924861112,462.06491053134744,15.025176952604435,7.4288151632492
2,103.0,73.0,2191.929126067117,1349.9896510987862,2208.009764493217,1359.554379969186,6.0,1.0,421.66081034536535,461.62602010787674,14.69660188541858,7.40884154503034
3,106.0,74.0,2155.768746634802,1347.3120797007662,2170.765663087488,1356.7422295582148,6.0,1.0,414.6262142650528,460.6907341700486,14.35592956753879,7.378659091591564
4,108.0,75.0,2120.1427937429203,1344.401185146343,2135.822630173547,1354.278033974129,6.0,1.0,407.86335312532816,459.7749780723767,14.024932157220915,7.348192290945044
5,110.0,76.0,2083.6974329842706,1341.6836219159984,2099.354486363833,1351.2874506473677,6.0,1.0,400.8758089375266,458.80247902931416,13.697451240663316,7.325967756988903
6,112.0,77.0,2047.1334668532556,1338.333142921815,2062.9909322340627,1347.9100132269202,6.0,1.0,393.8869215792013,457.6562414179326,13.33373550514506,7.293373409680362
7,114.0,78.0,2011.7079635118048,1334.9228454680535,2028.0522744314685,1344.9099468711804,6.0,1.0,387.1436894695637,456.5641053614991,13.014697551485337,7.2620669521572125
8,116.0,79.0,1975.7198945734733,1331.973330046716,1992.0396328259255,1341.780567752524,6.0,1.0,380.2436213757758,455.5284418472779,12.6765508329347,7.2340473763698725
9,118.0,80.0,1939.4552214131368,1328.4969726564789,1956.0453781819847,1338.4129355275556,6.0,1.0,373.3188074611992,454.3624288017244,12.339602604313175,7.198558382851593
10,120.0,81.0,1905.160029166532,1325.1340081757276,1921.4794431276684,1334.8041907774395,6.0,1.0,366.7196160948609,453.174656117947,12.028817518837055,7.156020045434587
11,122.0,82.0,1869.6407227923407,1322.0804318512746,1886.46650626018,1332.0786705172331,6.0,1.0,359.9602761175333,452.19006929241243,11.69636665640174,7.129741853332564
12,124.0,83.0,1835.43410352692,1317.439978699732,1851.4693901828496,1327.1303067966082,6.0,1.0,353.3282514805196,450.55641901048756,11.391687043510448,7.077584551465388
13,126.0,84.0,1802.462080164951,1314.1677573861152,1818.0166507510935,1323.655014055983,6.0,1.0,346.96254504612097,449.4068425419871,11.085552792040591,7.0426857757726955
14,128.0,85.0,1768.1835809742356,1310.0199852057042,1783.3705266575153,1319.47323801387,6.0,1.0,340.3572686480428,447.9877343262978,10.75960198854468,7.003476931630023
15,130.0,86.0,1735.1514426664291,1305.6815486229802,1750.406742494297,1315.1984751209245,6.0,1.0,334.0326594112363,446.5203003415541,10.45574685880543,6.960694000521414
16,132.0,87.0,1704.068223512035,1301.8240162423635,1719.3315731041896,1311.3682040339868,6.0,1.0,328.07581384238824,445.2105264174523,10.161042694215434,6.925796969296158
17,134.0,88.0,1672.9000204214558,1297.114892616002,1687.7274485064909,1306.3619398937683,6.0,1.0,322.06013243892824,443.55531220536824,9.862955134393314,6.887683865028549
18,136.0,89.0,1643.6846377756133,1293.6157299326844,1657.617709769701,1302.9483366093984,6.0,1.0,316.37480830642596,442.37758170716967,9.59423314481988,6.851326968830407
19,138.0,90.0,1630.0652935706942,1295.5403616343265,1642.7769988489256,1304.9479869785318,6.0,1.0,313.64738635688025,443.0461630970055,9.460931225301335,6.868090292555902
20,140.0,91.0,1617.2195420015044,1298.0460825530356,1629.281429696048,1307.4204887840972,6.0,1.0,311.1230097876821,443.8943047463263,9.336632692441318,6.892480610114988
21,142.0,92.0,1603.863539138529,1300.646834911565,1615.575350264168,1309.9948751721006,6.0,1.0,308.52956023442516,444.7759950512912,9.20990347061193,6.915734197841207
22,144.0,93.0,1589.8850364992068,1303.057905188083,1601.2912158664176,1312.337246502557,6.0,1.0,305.82105751837236,445.58584065840535,9.079096731516252,6.932966498830382
0,159.0,127.0,34.774356907417285,365.8833618804046,46.50349801201631,377.3652953461579,7.0,1.0,7.789127763112386,126.62754900896991,-4.771998409151973,0.49354232020344413
1,160.0,128.0,33.84297320293265,366.0775994901082,45.39306171947519,377.23458890816096,7.0,1.0,7.593453346730752,126.63837283822365,-4.777662410780218,0.48601644209907036
2,161.0,129.0,33.867827369427765,366.1052557172762,45.408024649044656,377.3024893054134,7.0,1.0,7.597269151770274,126.65465285571749,-4.760359332241895,0.4863060759104467
3,162.0,130.0,33.69811196477795,366.3841368398489,45.14395924634957,377.4532914306582,7.0,1.0,7.555698491066388,126.72785814979011,-4.759169402930854,0.49906985986154023
4,163.0,131.0,33.587663077712314,366.5215620379221,44.71351776784541,377.2824157259275,7.0,1.0,7.503863164365949,126.72215917458179,-4.770273296550032,0.48288131399609624
5,165.0,132.0,33.61626063119059,366.5152470313873,44.81446979404654,377.33169072683927,7.0,1.0,7.516278332418559,126.7294782847349,-5.175211694784532,-1.3988875370765708
6,168.0,133.0,33.554808622550055,366.52702140595215,44.82780823432587,377.42828384388,7.0,1.0,7.511667448783943,126.74794089441586,-4.770001541201487,0.5073476849838477
7,172.0,134.0,33.31200052924255,366.2030439199895,44.64813620180334,377.2616903659209,7.0,1.0,7.471179770058566,126.66436213759955,-4.780144711055266,0.5027100483271988
8,176.0,135.0,33.06461258744025,366.1075465807865,44.54639897372488,377.35923799195086,7.0,1.0,7.437721941278325,126.66471144572563,-4.8008566982257275,0.5070457939808976
9,180.0,136.0,32.749693119436905,365.84151627561886,44.28401589309072,377.1900447738971,7.0,1.0,7.382397113700565,126.5905622528805,-4.811732069785016,0.49463385673636706
10,183.0,137.0,32.70440441240973,365.5618529490485,44.16247569447435,376.9225968666757,7.0,1.0,7.366409343576391,126.49735070934561,-4.8475559313874585,0.5001305662055826
11,185.0,138.0,32.65454047682569,365.2514979013,44.12038564741616,376.6693534179419,7.0,1.0,7.357597086906511,126.40133022475973,-4.812947056114868,0.4916682310971744
12,186.0,139.0,32.149923012733055,365.0582189581722,43.687732820969245,376.5631937625101,7.0,1.0,7.267775350729805,126.35031475981992,-4.815711315786051,0.4956921042072269
13,187.0,140.0,31.858805948347808,364.65933847721146,43.521380548617714,376.30567866785736,7.0,1.0,7.22393453929253,126.2384844024932,-5.232898645624701,-1.3952604987344428
14,188.0,141.0,31.52997120395085,364.4124892104224,43.22508639546047,376.2647804861929,7.0,1.0,7.164026353276919,126.18946076312703,-5.229631558618541,-1.4029155272762026
15,191.0,142.0,31.053949897204035,364.0233563105368,42.75580114126704,376.00411379366767,7.0,1.0,7.073434474520146,126.0787541659015,-5.294652108937358,-1.3925403430163743
16,194.0,143.0,30.770779836162323,364.0803174757041,42.5534223388691,376.11366741247474,7.0,1.0,7.026902708440511,126.10712335131936,-5.297950246140696,-1.3867554809557239
17,197.0,144.0,29.93735300947977,363.6929221158579,42.02047378518567,375.8719996264329,7.0,1.0,6.895958401155438,125.99994963016806,-5.3098509233527675,-1.3844935189323453
18,200.0,145.0,29.6583578040092,363.604600350885,41.79404026602184,375.8122217788399,7.0,1.0,6.847521481711309,125.9747178443235,-5.323511246506805,-1.4157789721194463
19,203.0,146.0,29.41034980577283,363.5642020635733,41.59527942892684,375.7090834863636,7.0,1.0,6.804706134992052,125.95026346406331,-5.33090277331169,-1.4257181834879311
20,206.0,147.0,29.18670583844333,363.4892224901987,41.3613507017121,375.559076842025,7.0,1.0,6.760855418431563,125.91193247882329,-5.327899082441537,-1.4166601467555757
21,209.0,148.0,28.815843468604363,363.4651424874217,40.983115830039374,375.380308348164,7.0,1.0,6.689066932786692,125.87737310532202,-5.336500560561943,-1.4276267043787683
22,212.0,149.0,28.711924251550137,363.3303341388319,40.7731552515091,375.231783372732,7.0,1.0,6.658986785709844,125.82910150197014,-5.337948071715311,-1.4288832690095419
23,215.0,150.0,28.629157181986205,363.2038808670897,40.60958276680222,375.0165081666266,7.0,1.0,6.635379245092224,125.77088109463314,-5.335947150075436,-1.4298297871485663
24,218.0,151.0,28.622261693823827,363.1683202740757,40.47748914511796,374.8321980320115,7.0,1.0,6.622059455398588,125.73342163733338,-5.331469400999706,-1.4207422699675123
25,221.0,152.0,28.662211379900093,363.2241009938514,40.42971214325102,374.79957591072827,7.0,1.0,6.621309337635315,125.73736717633578,-5.281963824567238,-1.437594747773213
26,223.0,153.0,28.583881997728994,363.07419790238833,40.25621162636669,374.5387999978478,7.0,1.0,6.597175638975837,125.66739964226244,-5.340904218262063,-1.43308639090837
27,225.0,154.0,28.45845155793988,363.1813426249959,40.00946475344085,374.490143710631,7.0,1.0,6.5615086465073205,125.67736433866236,-5.2869932097381955,-1.4487639372886107
28,227.0,155.0,28.514934565176294,363.424368614094,40.03656903644465,374.6758386634437,7.0,1.0,6.56951909515534,125.75040568432124,-5.281409966204075,-1.436701691000414
29,229.0,156.0,28.37488605956829,363.3786712719434,39.892916003973575,374.626621314983,7.0,1.0,6.542331031089429,125.7342350333282,-5.285787717762041,-1.437688979011626
30,231.0,157.0,28.23483811814886,363.3329744807521,39.749262407313935,374.5774034155632,7.0,1.0,6.515142967023518,125.71806438233521,-5.2840289725406,-1.437547613577673
31,233.0,158.0,27.89839177865732,363.6130672985103,39.546548562587326,375.0116433729565,7.0,1.0,6.463473449369279,125.83976552180545,-5.286578303241152,-1.4344072334575646
32,235.0,159.0,27.76748710620754,363.5685724080763,39.47382180298132,375.0503441220272,7.0,1.0,6.443958770463933,125.8387783717954,-5.28531168036307,-1.4256711165122244
33,237.0,160.0,27.51482459110069,363.7971179597012,39.31616954969222,375.3417660351756,7.0,1.0,6.404636938492654,125.92736542134938,-5.289460952416873,-1.4321504195336194
34,239.0,161.0,27.307978843095903,364.171343518858,39.1421389717296,375.5778771293584,7.0,1.0,6.368136290587445,126.03134870302945,-5.293166022240708,-1.401028367599356
35,241.0,162.0,26.654249123977596,364.19600205355,38.64891441971292,375.5748806833623,7.0,1.0,6.258219839603675,126.03503928110358,-5.289832836043024,-1.3972244711591422
36,243.0,163.0,26.287843916494698,364.1985203451736,38.28493538038176,375.48429095542383,7.0,1.0,6.188224682617328,126.02003451787957,-5.3029240938612485,-1.4034356728964357
37,245.0,164.0,25.46055373067465,364.1946807174409,37.49277289901822,375.6645329698892,7.0,1.0,6.0330271353455664,126.05008825784142,-5.316409945433559,-1.4027372318946714
38,247.0,165.0,25.162930226179064,364.2143899418569,37.21757777946045,375.8501359807869,7.0,1.0,5.978132017207121,126.08506737941337,-5.3091521452996,-1.3965976479509756
0,189.0,141.0,3798.075195386407,803.7639771171374,3809.977050707343,814.4498900703626,11.0,1.0,729.1050069173177,275.6956958912037,29.832692093961352,2.5530740519778794
1,192.0,142.0,3798.799922374169,803.4873078323252,3810.667952018245,814.164482418173,11.0,1.0,729.2406712959397,275.5999346352701,29.858759119365743,2.548705478914583
2,195.0,143.0,3799.001036967865,803.4343474908674,3810.8589206364127,814.1595391948838,11.0,1.0,729.2782459370767,275.59006958349835,29.848974274185082,2.5474908834353034
3,198.0,144.0,3799.3528799973938,803.2906174485687,3811.1018944362704,813.9512812756694,11.0,1.0,729.3352492165595,275.5301012641294,29.86435082723455,2.548937099141598
4,201.0,145.0,3799.9985818618143,803.3616900483446,3811.558405252498,813.9356156348076,11.0,1.0,729.4408779317883,275.5395409682407,29.79051906601533,2.5660880515885993
5,204.0,146.0,3800.282992405367,803.2912518579002,3811.7072660488616,813.8223735093346,11.0,1.0,729.4823997685303,275.5082472847881,29.782801479390784,2.571651546918797
6,207.0,147.0,3800.52414656404,803.2764509323096,3811.876871939042,813.7589641903186,11.0,1.0,729.521764273212,275.4949225764478,29.792431701175275,2.5651610313544935
7,210.0,148.0,3801.030964242776,803.165065449536,3812.095138159552,813.420888355293,11.0,1.0,729.5912514802231,275.4183476852671,29.788118300264934,2.5693341301837185
8,213.0,149.0,3801.419687091532,803.1291383032801,3812.1463978583274,813.1410439576518,11.0,1.0,729.6334164743616,275.364549570381,29.79018149421253,2.567943600635189
9,216.0,150.0,3801.423366481667,803.1337228222292,3812.028823063751,813.043586643397,11.0,1.0,729.6225014981027,275.3487267978474,29.787843217665355,2.5701733393294828
10,219.0,151.0,3801.492558784844,803.1130891159785,3812.034994127249,812.9678059069336,11.0,1.0,729.6297238207422,275.3323006335332,29.795870299153243,2.563609044722421
11,222.0,152.0,3801.494231787334,803.0798002464243,3812.00519740015,812.9378574824433,11.0,1.0,729.6270286304672,275.3215268723256,29.783909503038377,2.5660903580328522
12,224.0,153.0,3801.374995237702,802.7963411985354,3812.105049452134,812.8729504141677,11.0,1.0,729.6251709494427,275.26217560809016,29.78979981179443,2.5652831537248786
13,226.0,154.0,3801.290557834464,802.7431335011248,3812.158877927799,812.9365829118573,11.0,1.0,729.6222375938836,275.26395168517473,29.774008618728494,2.5734426182178014
14,228.0,155.0,3801.297795628205,802.8231828335362,3812.234851953564,813.0656203024865,11.0,1.0,729.6302120599196,275.2995738676187,29.782256866895,2.568170107921187
15,230.0,156.0,3801.3071397611775,803.1996882139848,3812.156875763907,813.3045105916968,11.0,1.0,729.6236348211539,275.4044190557828,29.78373193644072,2.5682437310785975
16,232.0,157.0,3801.344415905173,803.3810332062587,3812.090220422002,813.4132514365576,11.0,1.0,729.6208193146875,275.4538410872946,29.781775112336305,2.5721787295872267
17,234.0,158.0,3801.37478423028,803.4155625679227,3812.054073537036,813.3709789011118,11.0,1.0,729.6202655360345,275.45252187990957,29.781748350741598,2.572144334597282
0,256.0,178.0,22.62818919402868,363.6660767680737,34.632453811342415,375.7603148334888,13.0,1.0,5.487478288014731,125.97634819878472,-5.241479858867421,-1.4149505803748863
1,257.0,179.0,22.62818919402868,363.6660767680737,34.632453811342415,375.7603148334888,13.0,1.0,5.487478288014731,125.97634819878472,-5.258615618029987,-1.433786865912284
2,258.0,180.0,22.62818919402868,363.6660767680737,34.632453811342415,375.7603148334888,13.0,1.0,5.487478288014731,125.97634819878472,-5.233410089005135,-1.4183981266987788
3,259.0,181.0,21.775187758458344,363.8957466075068,33.638815893870365,375.792473979502,13.0,1.0,5.310508683348169,126.0209561000089,-5.24960650334586,-1.4304640497759136
4,260.0,182.0,21.4736656185799,364.23100211993074,33.12771650936554,375.7494427929172,13.0,1.0,5.2326324539281055,126.07074246663335,-5.2413309567350925,-1.4160619718752792
5,262.0,183.0,21.02130465000445,364.5212733734274,32.53007767148018,375.8444240455577,13.0,1.0,5.13200747247561,126.13637807879005,-5.247560224242174,-1.4095198671438953
6,264.0,184.0,20.88684552830803,364.66260892708135,32.30764938813148,375.90989906451694,13.0,1.0,5.097805762825454,126.17161247264266,-5.253563547321081,-1.403525340425291
7,266.0,185.0,20.64144234869659,364.9250096619633,32.019376304519724,376.0320800402292,13.0,1.0,5.046661787599897,126.23713380111427,-5.193398504826971,-1.4152301906623972
8,268.0,186.0,20.50463014758956,365.1451286601138,31.9058960929986,376.2359283399188,13.0,1.0,5.022675431389699,126.30936526667222,-5.195062668792626,-1.4120807555830848
9,270.0,187.0,20.07117447162159,365.077588557807,31.555451451458744,376.23582883162527,13.0,1.0,4.9475516509618656,126.29784148116254,-5.215891241151939,-1.4386610560852038
10,272.0,188.0,19.828756707009777,365.3038127810551,31.264836375105077,376.3277423057103,13.0,1.0,4.896469337036007,126.35204271848595,-5.198274801804248,-1.4226816434329588
11,274.0,189.0,19.205381185530868,365.47739556181233,30.66056083317848,376.5144893680113,13.0,1.0,4.778819443459646,126.41343224730329,-5.20939463389834,-1.4258822212413467
12,276.0,190.0,19.050232156091287,365.63797969447705,30.489625609481543,376.6427447622225,13.0,1.0,4.747569702534063,126.46264194447474,-5.152271548789716,-1.4409030006843266
13,278.0,191.0,18.82658794640656,365.9150364301447,30.300147496887945,377.0204870458117,13.0,1.0,4.707978813315724,126.57420029590368,-5.217806805389854,-1.4480424102338134
0,261.0,182.0,1719.7788085454054,1652.9724120656751,1730.6904297358446,1662.8356934030749,14.0,1.0,330.6699686686198,564.9154550057871,10.372206528199046,9.988761206774596
1,263.0,183.0,1719.3608810745025,1653.0098915393528,1730.2222163679564,1662.895616186884,14.0,1.0,330.58504683823566,564.9320494644699,10.36019264926598,9.992129833159877
2,265.0,184.0,1718.7734606795098,1652.9706866891563,1729.5793858263874,1662.963672602824,14.0,1.0,330.4671477901485,564.9369649164115,10.349928950732613,9.991253003180486
3,267.0,185.0,1718.1477800100822,1653.209377674139,1729.0598717599094,1663.2677526246848,14.0,1.0,330.35739996129087,565.0294370138737,10.344154033911638,9.996143253038891
4,269.0,186.0,1717.9556495356435,1653.2351199052382,1728.858791515021,1663.2669772315176,14.0,1.0,330.3197172673554,565.0336906232991,10.346949351705712,9.992920465143417
5,271.0,187.0,1717.3547951999442,1653.3891933190084,1728.3302847792686,1663.593514039134,14.0,1.0,330.21148683134123,565.1155723647206,10.351567200802238,9.996014932197069
6,273.0,188.0,1717.2455416239238,1653.5559233522124,1728.2045552661396,1663.8152942148674,14.0,1.0,330.18896761863107,565.1817629929099,10.34150170027014,9.99766509103054
7,275.0,189.0,1716.6967935619684,1653.50284708422,1727.6711047355714,1663.8029813550538,14.0,1.0,330.08525692018094,565.1706226229874,10.337135727482643,9.993515671126143
8,277.0,190.0,1716.4966621994697,1653.7194293908217,1727.4156566087129,1664.0135705331395,14.0,1.0,330.04159721911753,565.2433999870452,10.344407694502387,9.991998877996147
9,279.0,191.0,1716.3125413427624,1653.8840251526383,1727.235357058228,1664.2108322122206,14.0,1.0,330.00667359676163,565.3050497732722,10.354080034585257,9.99066874814014
10,281.0,192.0,1716.168538261758,1654.0159523877576,1727.0041049898718,1664.2801662285754,14.0,1.0,329.97071164494787,565.3393387272271,10.309682663567548,9.678095128439702
11,284.0,193.0,1716.1471862842309,1653.9684909548362,1726.9863887205763,1664.2271112910914,14.0,1.0,329.9669676046274,565.3222137159728,10.320602101162606,9.6704812023481
12,287.0,194.0,1716.0716531886994,1653.9351171369078,1726.8913976701208,1664.1858235424295,14.0,1.0,329.95062570730363,565.3094935972205,10.318249919791809,9.674776487992816
13,290.0,195.0,1715.9490099242787,1653.7636835844207,1726.780014712929,1664.0266197530475,14.0,1.0,329.9281981943991,565.2531627908279,10.333390255889606,9.67058599542167
14,293.0,196.0,1715.9564773865395,1653.7753041125272,1726.8200091457306,1664.0900465833065,14.0,1.0,329.93274662600925,565.2659486370679,10.31245664096906,9.670507228362185
15,296.0,197.0,1715.5948619957594,1653.6986821954408,1726.4610511375397,1664.020296072915,14.0,1.0,329.86369167527454,565.2410111123866,10.31360976086336,9.670007620472626
16,299.0,198.0,1715.2793770551068,1653.634420001766,1726.1698327041674,1663.948148946434,14.0,1.0,329.80554926859713,565.2177710059896,10.310599599072281,9.667549240512745
17,302.0,199.0,1715.3275800000438,1653.5953521180445,1726.2327739732018,1663.8631040558002,14.0,1.0,329.8162005891027,565.196625866655,10.313240333583988,9.668404603667424
18,305.0,200.0,1715.0492310004006,1653.4879537839636,1725.880045013077,1663.7126999939835,14.0,1.0,329.75572228462494,565.1527039769836,10.305639081239434,9.667518528452801
19,308.0,201.0,1715.204399491644,1653.4103061348746,1725.9853166905114,1663.583258121363,14.0,1.0,329.78068113412326,565.1174220584701,10.302355991578844,9.66668984882225
20,311.0,202.0,1715.32236760566,1653.299669820605,1726.0715040596697,1663.4362998572276,14.0,1.0,329.8002460345941,565.0735355747419,10.29904097848706,9.67382881482369
21,314.0,203.0,1715.3426532400138,1653.0899153609398,1726.0460147595302,1663.221910386539,14.0,1.0,329.7997473499563,565.0012740162372,10.302121666255763,9.673214304878279
22,317.0,204.0,1715.38842321448,1652.8218126544878,1726.0522550377405,1662.9049639678176,14.0,1.0,329.80473166583783,564.9015989800964,10.311749165132023,9.674566809854788
23,320.0,205.0,1715.487180768191,1652.3812221152966,1726.175107771692,1662.4270648447837,14.0,1.0,329.82596931840544,564.7451155561619,10.312887270358978,9.67108685462796
24,323.0,206.0,1715.611649924802,1652.374817034506,1726.3161499842831,1662.3749892698816,14.0,1.0,329.851414157954,564.735152185192,10.312717540584892,9.676896499579149
25,326.0,207.0,1715.7986804181637,1652.15789295655,1726.4908831279631,1662.0959170429926,14.0,1.0,329.8860831731705,564.6506491110332,10.3288591216664,9.681289383657116
26,329.0,208.0,1715.7102611733087,1651.8390745927504,1726.4658806933332,1661.78725756728,14.0,1.0,329.8752135955532,564.5437454791163,10.324863291281003,9.68076425135949
27,332.0,209.0,1715.8068020321623,1651.5717121945215,1726.5793679945027,1661.5397695487325,14.0,1.0,329.89534129422213,564.4560302229247,10.32836329260863,9.678166677291983
28,335.0,210.0,1715.9527067421502,1651.1741703157688,1726.7961098504727,1661.2729334955563,14.0,1.0,329.9300949234597,564.3428399085961,10.335956345011343,9.675655764892412
29,338.0,211.0,1715.368005278036,1650.674689040348,1726.2444920455314,1660.914628137732,14.0,1.0,329.82119766017524,564.1966984821913,10.321080244945545,9.676089666456733
30,341.0,212.0,1715.3333843987366,1650.033377415774,1726.155809258015,1660.1988423704877,14.0,1.0,329.8093810587721,563.9654892969187,10.316139776544384,9.672515242381147
31,343.0,213.0,1715.4674428351436,1649.3020700293926,1726.2104116439714,1659.5314310572728,14.0,1.0,329.82746105424854,563.7271890740244,10.307548869749724,9.674428094944869
32,345.0,214.0,1715.4928260575314,1649.035911857941,1726.124384627324,1659.2436470006285,14.0,1.0,329.82164935729867,563.63281373146,10.318498990683768,9.673436713131043
33,347.0,215.0,1715.5901229793026,1648.683781868943,1726.101547573781,1658.8633208570425,14.0,1.0,329.82878509467054,563.5080249088716,10.351954821233788,9.672461773256908
34,349.0,216.0,1715.667258302799,1648.5493315587066,1726.1028793265868,1658.71170449536,14.0,1.0,329.83630485614947,563.4592876240262,10.357805942583811,9.67343709759213
35,351.0,217.0,1715.6854987582817,1648.1336284512972,1726.0873200245396,1658.293973060472,14.0,1.0,329.83656180002043,563.3172950723755,10.354231264585398,9.67281643499574
36,353.0,218.0,1715.6696699160927,1647.9741546004195,1726.0779023955677,1658.098028926477,14.0,1.0,329.8341423465341,563.2567423786564,10.379159792147489,9.978085554065599
37,355.0,219.0,1715.6666023390164,1647.764931564492,1726.0943831867746,1657.8498687444285,14.0,1.0,329.835427779555,563.1788178304087,10.376477846509006,9.97998439939846
38,357.0,220.0,1715.7014322404625,1647.6834381434842,1726.0979562877026,1657.7188565009733,14.0,1.0,329.8391080672825,563.1426131616483,10.382563162595075,9.971571874161876
39,359.0,221.0,1715.7092116058827,1647.6102336598776,1726.0326301193147,1657.55708993441,14.0,1.0,329.8335931653314,563.1025810568045,10.379092942063517,9.97836054642113
40,361.0,222.0,1715.6743947010827,1647.490758261457,1725.9719450627963,1657.415494246568,14.0,1.0,329.82444089403845,563.0581022791449,10.372620752761513,9.979478834580702
41,363.0,223.0,1715.6790172317717,1647.5501132669851,1725.953632822898,1657.4513466790029,14.0,1.0,329.8231289635725,563.0743228056128,10.372776317122037,9.980799183873499
42,365.0,224.0,1715.5017660573765,1647.2645806044325,1725.7747040511383,1657.1363067096504,14.0,1.0,329.788995052066,562.9720030238808,10.361511997546346,9.982421122717536
43,367.0,225.0,1715.3738984292825,1646.751281551183,1725.7670902652428,1656.6793213175254,14.0,1.0,329.7760114165587,562.8066953035577,10.363011969717174,9.975783665501098
44,369.0,226.0,1715.2921765566837,1646.3573984983727,1725.8423057367484,1656.386106281293,14.0,1.0,329.7753878864539,562.6896341476468,10.356714946674218,9.976429939959171
45,371.0,227.0,1715.211738486489,1646.0682987433877,1725.8780871394026,1656.1772506378395,14.0,1.0,329.77110828914795,562.6047973019869,10.35048473395497,9.977401029936281
46,373.0,228.0,1715.179051914879,1646.084391740995,1725.899469493544,1656.226470187508,14.0,1.0,329.7700249683072,562.6159246248561,10.349803429337527,9.984905147225556
47,375.0,229.0,1715.0419779625745,1645.938516751297,1725.7899883821149,1656.169954868727,14.0,1.0,329.7463967746994,562.5814433130411,10.348658990069872,9.984000631437922
48,377.0,230.0,1714.933636834224,1645.4966945417032,1725.7315705991675,1655.8312756204164,14.0,1.0,329.7304157123667,562.4484689905834,10.354365282214928,9.977664928107584
49,379.0,231.0,1714.8319844113714,1645.3140149005064,1725.6460135217192,1655.6786694108862,14.0,1.0,329.7124748019212,562.391346216015,10.35349816480341,9.97617175615356
50,381.0,232.0,1714.7372416137073,1645.1278947279052,1725.5546094333629,1655.444733511381,14.0,1.0,329.6946357253442,562.3197811074339,10.346761594478812,9.978419449280668
51,383.0,233.0,1714.7323831894555,1645.0620978904155,1725.5703926646197,1655.391005740756,14.0,1.0,329.6956826860156,562.2994176556812,10.361964845616939,9.975486981936196
52,385.0,234.0,1714.5538703717657,1644.9050748770735,1725.4079165084715,1655.1747724381148,14.0,1.0,329.66300457602273,562.2358258388839,10.365901766966658,9.97649153499567
53,388.0,235.0,1714.2400909603657,1644.6963704532122,1724.9477788438446,1654.845222595226,14.0,1.0,329.5888375229035,562.1441232601043,10.359136803778464,9.986764977513653
54,391.0,236.0,1714.3087483206407,1644.7500505980984,1724.910564398623,1654.8239150799425,14.0,1.0,329.5918508022628,562.1496385969995,10.35939043028892,9.97994159674182
55,394.0,237.0,1714.744214932125,1644.4727421662224,1725.3200247588002,1654.5588518023674,14.0,1.0,329.67282297038037,562.0572345279819,10.365425157838176,9.977608054514855
56,397.0,238.0,1714.7560206181695,1644.4754836075658,1725.3229229350095,1654.5700216812538,14.0,1.0,329.674232090513,562.0596046047618,10.385977018118359,9.99427720467369
57,400.0,239.0,1714.5502788479205,1644.301357767093,1724.9581709149568,1654.3508631207662,14.0,1.0,329.61955976894245,561.9926005957093,10.352807662523597,9.988742969465092
58,403.0,240.0,1714.8412011850312,1644.0813278186906,1725.2347447675463,1654.0900652246369,14.0,1.0,329.67394482045535,561.9106817777521,10.368466212497125,9.99148737002394
59,406.0,241.0,1714.81123976174,1643.887963848029,1725.1887842879062,1653.8557411414524,14.0,1.0,329.66666897142443,561.8378164056154,10.373484578330384,9.989968674219417
60,409.0,242.0,1714.8571779188878,1643.706000239524,1725.247130288779,1653.640184535844,14.0,1.0,329.6766628699014,561.770090739507,10.36015901891253,9.994629353194096
61,412.0,243.0,1714.845006221971,1643.7253077056305,1725.2399812125134,1653.6369933556712,14.0,1.0,329.6748112958048,561.7728364771107,10.324127435154551,9.689713537130329
62,415.0,244.0,1714.8391204973416,1643.7420041833086,1725.2420488849757,1653.6418523889429,14.0,1.0,329.67444539913873,561.7765088974948,10.325089880330097,9.6899548120343
63,418.0,245.0,1714.8523155642088,1643.643618836433,1725.230716690468,1653.4792784578092,14.0,1.0,329.67462392440655,561.7320491686487,10.328589958734899,9.684008228501657
64,421.0,246.0,1714.7552768697196,1643.3256379303202,1725.1781184832962,1653.1973628179048,14.0,1.0,329.6602837213307,561.6298445719198,10.329181868187781,9.683728256239116
65,424.0,247.0,1714.7541342164614,1643.4676047258,1725.1920112569787,1653.3443766542102,14.0,1.0,329.6615056078714,561.6790783091869,10.355317516572345,9.996980306842289
66,427.0,248.0,1714.7117523470622,1643.3623353703863,1725.1796801709118,1653.2558150229136,14.0,1.0,329.65626228297253,561.6460552521918,10.37578324790909,9.99565751662949
67,430.0,249.0,1714.4536686947108,1643.423948906511,1724.7207213408096,1653.2675022514711,14.0,1.0,329.5875457117374,561.6585435306191,10.334324622829971,9.681551078485155
68,432.0,250.0,1714.5012244661164,1643.4324176648918,1724.65555267353,1653.2495019900414,14.0,1.0,329.5858578092162,561.6569196449145,10.36266672845675,9.9984924062848
69,434.0,251.0,1714.4351617780155,1643.3735200758863,1724.504851078753,1653.1839533780455,14.0,1.0,329.5650845654404,561.6357176995588,10.34781300527219,9.995343997100393
70,436.0,252.0,1714.444431634506,1643.3788934809093,1724.432748340587,1653.1439095822536,14.0,1.0,329.55906308094643,561.6298108922425,10.368664013249992,9.992775336864614
71,438.0,253.0,1714.384785383234,1642.964685399288,1724.4020650603295,1652.8809953213083,14.0,1.0,329.5504065008415,561.5144493079534,10.370366071843794,9.989801785699031
72,440.0,254.0,1714.4145841171005,1642.5163544582006,1724.408669974336,1652.5274580420692,14.0,1.0,329.5538951837627,561.3778347222682,10.350863659864267,9.988129880138363
73,442.0,255.0,1714.4429085328363,1642.5632046385772,1724.4460776869712,1652.6859803777438,14.0,1.0,329.5601945127316,561.4128241138917,10.36564137332037,9.989010496367532
74,444.0,256.0,1714.5264484456277,1642.4485559332288,1724.609486974557,1652.6600979130417,14.0,1.0,329.58386047776776,561.3888817664016,10.3627936453556,9.979134158459146
75,446.0,257.0,1714.5171330131195,1642.4339131732197,1724.6394741412585,1652.6907951478236,14.0,1.0,329.5858415189612,561.3916169732148,10.339174210485233,9.677720009233276
76,448.0,258.0,1714.9698074545693,1642.0569434272816,1725.28388911059,1652.447264449088,14.0,1.0,329.6909792541611,561.2859020826407,10.34012327610717,9.676580198990154
77,451.0,259.0,1714.802602734836,1641.9364588657388,1725.1767684544338,1652.448321808782,14.0,1.0,329.66468973897173,561.2655552260294,10.356822632661128,9.97932146992804
78,454.0,260.0,1715.2631942726152,1641.5842883337928,1725.658221696381,1651.9084929087849,14.0,1.0,329.7549690303622,561.1135849524392,10.361249365760534,9.975358805852178
0,282.0,192.0,3558.409179627095,1313.2673339257642,3569.595703185405,1324.1215820898608,15.0,1.0,683.100467936198,449.33292643229163,27.718935432559583,7.236681250908723
1,285.0,193.0,3557.965310313762,1313.308204635054,3568.890518799513,1323.8741893007866,15.0,1.0,682.9903502900222,449.29774118906914,27.70230373693429,7.232120564606981
2,288.0,194.0,3558.067137616944,1313.3105696766909,3568.9263229479457,1323.8580252312524,15.0,1.0,683.003539970802,449.2953902435755,27.7476832384102,7.23214749262869
3,291.0,195.0,3557.826755482402,1313.258338802271,3568.707385490034,1323.833739573755,15.0,1.0,682.9595218431919,449.28235409369336,27.703763890567828,7.228745513607569
4,294.0,196.0,3557.437611447257,1313.217909156486,3568.298114560043,1323.841957992301,15.0,1.0,682.8830070756997,449.2768662549785,27.724406779933204,7.224933469059284
5,297.0,197.0,3556.9869609485754,1313.2351872964769,3567.8988384146937,1323.9112201226685,15.0,1.0,682.8015557723133,449.2916101528914,27.757137653006502,7.222864742515021
6,300.0,198.0,3556.540947672878,1313.2330268473038,3567.476049628984,1323.9269870390845,15.0,1.0,682.7182955747618,449.29392829175504,27.807828645544735,7.218706439012901
7,303.0,199.0,3555.8582258436554,1313.5253847515628,3566.9057450557857,1324.2570870102172,15.0,1.0,682.5982138778631,449.39997667052546,27.77499855404444,7.222774690286247
8,306.0,200.0,3555.6102439154024,1313.5145755675271,3566.732606554499,1324.3100935315713,15.0,1.0,682.5578565033655,449.407165846513,27.79918284545502,7.221859385994143
9,309.0,201.0,3555.4256003524106,1313.176579145793,3566.606409349747,1323.971500192232,15.0,1.0,682.5280675964568,449.2918949983302,27.81352869928857,7.2172802259674524
10,312.0,202.0,3555.1117872981035,1313.1971755366371,3566.343224081294,1323.987118193022,15.0,1.0,682.472771923859,449.2980648576456,27.789025328886,7.229323016218653
11,315.0,203.0,3555.062083159689,1312.8644372790714,3566.352620314924,1323.7097997974502,15.0,1.0,682.4689090829838,449.19412927970365,27.796240868257225,7.228960666055262
12,318.0,204.0,3554.912500757161,1312.4420532368126,3566.291402606165,1323.3716888275408,15.0,1.0,682.4487074056522,449.0645634628157,27.79424574511031,7.2207683866679035
13,321.0,205.0,3554.878417009255,1311.9490538270709,3566.4857019489477,1323.1044238402933,15.0,1.0,682.4640614001612,448.93503693592123,27.794734918953367,7.217966396569347
14,324.0,206.0,3554.8787912638613,1311.6439786172405,3566.517204734558,1322.8246932029142,15.0,1.0,682.4671162831819,448.83540334713746,27.763917232668444,7.217516968962839
15,327.0,207.0,3554.873662279252,1311.084811524988,3566.421228713478,1322.145051697464,15.0,1.0,682.45742705347,448.62434706752884,27.716407775970335,7.221073293032112
16,330.0,208.0,3554.8920630213424,1310.9225713067071,3566.383334958101,1321.9044209498315,15.0,1.0,682.4555589730301,448.5557097918547,27.719619550287177,7.221086985609828
17,333.0,209.0,3554.8179445622227,1310.6387466264111,3566.182909127988,1321.4649731226302,15.0,1.0,682.4292484786453,448.4324855868737,27.714274435300815,7.218885416801231
18,336.0,210.0,3554.8564080492574,1310.3329541788291,3566.164942287764,1321.0855393413046,15.0,1.0,682.4312127406313,448.31574334046724,27.724872964244312,7.218665805261339
19,339.0,211.0,3554.799812527048,1309.9746275576376,3566.1182661665025,1320.7441450922602,15.0,1.0,682.4213158747987,448.19653163664924,27.726822175343386,7.227073843070923
20,342.0,212.0,3554.5469966931187,1309.4314688427933,3565.847571502484,1320.1997556882218,15.0,1.0,682.3711461187453,448.01124566083956,27.7111114275221,7.22924195656199
21,344.0,213.0,3554.491060154137,1309.166580993826,3565.8343270995365,1319.9564712418507,15.0,1.0,682.364516278477,447.92466815867084,27.70276269484137,7.223455245419149
22,346.0,214.0,3554.472302196178,1308.8235254680671,3565.8776935483183,1319.58828920835,15.0,1.0,682.3668745921809,447.80349435227845,27.70025282342671,7.215939529044134
23,348.0,215.0,3554.055553564985,1308.621200431956,3565.493552240652,1319.4363873434022,15.0,1.0,682.290122639707,447.7431445839499,27.672706094585536,7.218655376131387
24,350.0,216.0,3554.082051292334,1308.3792553737808,3565.4848432388994,1319.1857078851067,15.0,1.0,682.2918273925766,447.65921596262524,27.67017014039869,7.216648429050418
25,352.0,217.0,3554.1778598443384,1308.1605738188234,3565.4461602469305,1318.927713574323,15.0,1.0,682.2973019254133,447.57800451883236,27.652854344450063,7.2214950986972966
26,354.0,218.0,3554.180153277152,1308.0202390755012,3565.296657863764,1318.7286840978368,15.0,1.0,682.2831944010045,447.5201869110131,27.484916897289164,7.053861823248592
27,356.0,219.0,3554.084490250369,1307.8428777999093,3565.101008862676,1318.5210238654895,15.0,1.0,682.2552769983336,447.45459065410495,27.494402836978296,7.0672672144968525
28,358.0,220.0,3553.977120952382,1307.6339138567191,3564.962479644935,1318.3122036117625,15.0,1.0,682.2317117239096,447.3834126057413,27.498566627751806,7.046229581271651
29,360.0,221.0,3553.921713703,1307.601074349405,3564.9048928245406,1318.306704558053,15.0,1.0,682.2208831255559,447.37688085090025,27.481280968090015,7.066773919462343
30,362.0,222.0,3553.839595870894,1307.5243426556665,3564.754700489377,1318.130219536531,15.0,1.0,682.1986200678592,447.3337402253374,27.475845895358102,7.070573377696074
31,364.0,223.0,3553.8304895698275,1307.511770798639,3564.6515333611105,1318.0099164853125,15.0,1.0,682.1878605308816,447.31110227800656,27.488352619294897,7.059627450310467
32,366.0,224.0,3553.7852907153056,1307.470172192539,3564.5233945488835,1317.852046370816,15.0,1.0,682.1712490044848,447.2771187182012,27.478262862065897,7.066507776526683
33,368.0,225.0,3553.769777182772,1307.1915459424793,3564.4172656474634,1317.4811210001624,15.0,1.0,682.1595916045643,447.1664543680056,27.49790255298634,7.054462143249042
34,370.0,226.0,3553.5097154356804,1306.7849160288013,3564.161943326119,1317.2443843077988,15.0,1.0,682.1102006313391,447.05684376105035,27.480915736063817,7.066596015837421
35,372.0,227.0,3553.322569524531,1306.7412306311912,3564.0155614425903,1317.3253933209485,15.0,1.0,682.0782375510158,447.06320259925343,27.505174588006753,7.065730289974531
36,374.0,228.0,3553.10041899318,1306.6776000619132,3563.842759797038,1317.365914615824,15.0,1.0,682.0403879673959,447.05926546361445,27.504829592842846,7.075600117606654
37,376.0,229.0,3552.952002814085,1306.528297499182,3563.7792445135287,1317.318214640048,15.0,1.0,682.0200778688965,447.0257020681651,27.503841071047447,7.074720807021263
38,378.0,230.0,3552.7848415827834,1306.425373115838,3563.668996002211,1317.251486669729,15.0,1.0,681.993492768562,446.9967983338374,27.515922950049404,7.067556706236158
39,380.0,231.0,3552.2790902058696,1306.040224184606,3563.2117855490824,1317.0064223658933,15.0,1.0,681.9012089265162,446.8894286715665,27.511419712815012,7.064737410366151
40,382.0,232.0,3552.1079039465494,1305.9487502706677,3563.037832918015,1316.9075226311188,15.0,1.0,681.8681331161874,446.8569946425266,27.487402894933386,7.0599543257600015
41,384.0,233.0,3551.95567375144,1305.7288210044717,3562.960710938529,1316.6831537597468,15.0,1.0,681.8461535327887,446.78129940427425,27.492588921569833,7.060226642889723
42,386.0,234.0,3551.661629443473,1305.6469552339256,3562.780601523552,1316.5696139380275,15.0,1.0,681.8007138010065,446.74800808114753,27.47401233287675,7.059104152251246
43,389.0,235.0,3551.217165529072,1305.716263813756,3562.406754981283,1316.632413277152,15.0,1.0,681.7222923822425,446.77051535622877,27.477567143367843,7.081162260964196
44,392.0,236.0,3551.171936557699,1305.7515318111723,3562.404940532827,1316.670806143121,15.0,1.0,681.7177840545088,446.7830649848055,27.469893696925517,7.057831156034259
45,395.0,237.0,3551.1437423513216,1305.49067149832,3562.406484469356,1316.4844004167196,15.0,1.0,681.7152300703151,446.7068641040438,27.488696797994226,7.0551554665080785
46,398.0,238.0,3551.085544093052,1305.4671155988624,3562.394495417083,1316.5397925142554,15.0,1.0,681.708503786388,446.71228804890154,27.512946539014752,7.081600804329604
47,401.0,239.0,3551.1253086869115,1305.3336545095506,3562.4237476224803,1316.373427770446,15.0,1.0,681.7151178963168,446.66120661066606,27.459972954349347,7.079306221995047
48,404.0,240.0,3551.0920678453595,1305.1725716612132,3562.4049429933584,1316.1384052670096,15.0,1.0,681.7101302053771,446.59372199517867,27.446220012790093,7.079189919909223
49,407.0,241.0,3551.17758382657,1304.915630407666,3562.527096282271,1315.7951008273662,15.0,1.0,681.730031843764,446.4914579141166,27.522227275260047,7.068632519022562
50,410.0,242.0,3551.235091954577,1304.5861728690406,3562.6218942293176,1315.4337941194635,15.0,1.0,681.7446278426233,446.373772153597,27.53165156095849,7.076687359617849
51,413.0,243.0,3551.2418157900597,1304.5964263437472,3562.6209725168183,1315.4136980915064,15.0,1.0,681.7451838794092,446.37209527415433,27.645096102229942,7.228003062849357
52,416.0,244.0,3551.2624911601165,1304.6314791135983,3562.617513864317,1315.4063264198032,15.0,1.0,681.7468338148416,446.376811313098,27.6445572044648,7.226138059450741
53,419.0,245.0,3551.2293646883163,1304.4417018124584,3562.624569372675,1315.342721527016,15.0,1.0,681.7443353475118,446.3336424948734,27.63798138576155,7.232921636562835
54,422.0,246.0,3551.2025935246056,1304.3149160702037,3562.603337332581,1315.2212346887668,15.0,1.0,681.7397350404805,446.29134420338016,27.629182040197907,7.22907968225576
55,425.0,247.0,3551.1758237058507,1304.1881316145768,3562.582103947531,1315.0997465638898,15.0,1.0,681.7351347334491,446.24904591188687,27.56331318377273,7.067390584610471
56,428.0,248.0,3551.067906812588,1304.1046070366024,3562.3163932023213,1315.135760371728,15.0,1.0,681.6993287514289,446.24095148438226,27.54434545284614,7.067851609662747
57,431.0,249.0,3550.988416175828,1304.0530695121474,3562.202421974945,1315.1481615456037,15.0,1.0,681.6807886561157,446.23428380983904,27.70572900524157,7.225645260699217
58,433.0,250.0,3550.8857438934547,1304.0756575075532,3562.0961786145244,1315.1592809538186,15.0,1.0,681.6607675736814,446.24002655267816,27.53850750506727,7.076256452257715
59,435.0,251.0,3550.908312230514,1304.0767132739793,3562.121698334628,1315.1327272630956,15.0,1.0,681.6653760124929,446.235682461872,27.57192748932675,7.065414732923828
60,437.0,252.0,3550.801838941364,1304.0578550520231,3561.965837899704,1315.101320384916,15.0,1.0,681.6402356972691,446.2271187781452,27.538321291199995,7.0650379950648015
61,439.0,253.0,3550.914468286635,1303.7976158409267,3562.0084354830265,1314.8148434372022,15.0,1.0,681.6551116112593,446.13397454368123,27.558292244522086,7.061929161180833
62,441.0,254.0,3551.209038801884,1303.4216466480511,3562.285924664726,1314.4056954940806,15.0,1.0,681.7099339988835,446.00021384643725,27.582053009498747,7.057224958456354
63,443.0,255.0,3551.310313907605,1303.32167444306,3562.415651044801,1314.3108159371402,15.0,1.0,681.7320716412722,445.96701687958966,27.544646949371568,7.061937478908548
64,445.0,256.0,3551.3843597351115,1303.1474005164953,3562.517648716824,1314.1787123541496,15.0,1.0,681.748942476644,445.9148192298136,27.572772397502423,7.0385557989397265
65,447.0,257.0,3551.4236493563867,1302.9713755411133,3562.571512844233,1313.8860129040838,15.0,1.0,681.7578697108927,445.8349624758484,27.713995558557123,7.221293220797547
0,387.0,234.0,3783.74975598789,800.024170038274,3795.7834471371098,810.923339727351,17.0,1.0,726.3719319661459,274.4577238859954,29.647920935982118,2.5933373085088234
1,390.0,235.0,3783.383208498845,799.8544511191446,3795.366382479455,810.9220554350277,17.0,1.0,726.296835802087,274.4285900055257,29.654751899962882,2.6051443723172083
2,393.0,236.0,3783.613093229944,800.0819530125651,3795.3581477943103,810.9326561668073,17.0,1.0,726.3180772648244,274.46915563796716,29.65693605272334,2.5902101316856445
3,396.0,237.0,3783.6450476603386,799.7361871089851,3795.3516116875744,810.5281219279419,17.0,1.0,726.3205131875084,274.3413267248098,29.668473282802307,2.5840115002762434
4,399.0,238.0,3783.7199950188447,799.8253101903076,3795.271227716201,810.5026348667895,17.0,1.0,726.3199921787752,274.3521684171351,29.669785356037938,2.6045869368611556
5,402.0,239.0,3783.7945629839296,799.7801555700554,3795.205414028399,810.2620583102868,17.0,1.0,726.3208311303482,274.30348829072494,29.65680500522845,2.6034060356536077
6,405.0,240.0,3783.8047831361177,799.6174029381473,3795.0479868198663,809.8665374848395,17.0,1.0,726.3067237874485,274.20837503502736,29.628440299962037,2.605231393303695
7,408.0,241.0,3783.848882594371,799.5491367348131,3794.957151504893,809.6752667816552,17.0,1.0,726.3022449345128,274.16415763613907,29.679840241975512,2.5891346686987293
